<?xml version="1.0" encoding="utf-8"?>
<resources>

    <style name="AppTheme" parent="Theme.MaterialComponents.Light.NoActionBar">

        <!-- Customize your theme here. -->
        <item name="colorPrimary">@color/design_default_color_on_secondary</item>
        <item name="colorPrimaryDark">@color/design_default_color_on_secondary</item>
        <item name="colorAccent">@color/design_default_color_on_secondary</item>

        <item name="android:windowContentTransitions">true</item>
    </style>

    <style name = "floatingbuttons">
        <item name="android:textColor">#ffffff</item>
        <item name="android:background">@drawable/floating_button</item>

    </style>
</resources>