<resources>
    <!-- Base application theme. -->
    <style name="AppTheme" parent="Theme.MaterialComponents.Light.NoActionBar">

        <!-- Customize your theme here. -->
        <item name="colorPrimary">#000000</item>
        <item name="colorPrimaryDark">#000000</item>
        <item name="colorAccent">#000000</item>

    </style>

    <style name = "floatingbuttons">
    <item name="android:textColor">#ffffff</item>
    <item name="android:background">@drawable/floating_button</item>

    </style>

</resources>